aggression_score,male_score_percent,female_score_percent
-3.0,3.9248859915809167,4.669217761592714
-2.0,4.342186038353601,4.431310308565642
-1.0,9.29588838868101,10.568868203165824
1.0,6.554570568288119,5.0421449969653
2.0,2.211653706735267,1.5248147535077554
3.0,0.80134763797942,0.691327250951792
