age_group,mean_is_toxic_rate,count,mid_age_range
18-30,0.14117274937798477,708182,24.0
30-45,0.1494209689297798,468455,37.5
45-60,0.1662513211864982,103127,52.5
Over 60,0.15694144283214984,9717,70.0
Under 18,0.12013494318181818,28160,10.0
